geneSymbol,diseaseName
SERPINA1,Pulmonary Emphysema
TGFB1,Pulmonary Emphysema
MMP12,Pulmonary Emphysema
EPHX1,Pulmonary Emphysema
HMOX1,Pulmonary Emphysema
ITGB6,Pulmonary Emphysema
CYP2A6,Pulmonary Emphysema
APOE,Emphysema
FBLN5,Emphysema
KL,Emphysema
NFE2L2,Emphysema
NOS2,Emphysema
PPP2R2A,Emphysema
PPP2R2C,Emphysema
PPP2R5A,Emphysema
TP53,Emphysema
MMP9,Pulmonary Emphysema
MMP2,Pulmonary Emphysema
HDAC2,Pulmonary Emphysema
IL18,Pulmonary Emphysema
NOS2,Pulmonary Emphysema
MCAM,Emphysema
PTGS2,Pulmonary Emphysema
EDNRA,Pulmonary Emphysema
GCLC,Pulmonary Emphysema
ITGB6,"Emphysema, Hereditary Pulmonary"
JUN,"Emphysema, Hereditary Pulmonary"
MMP9,"Emphysema, Hereditary Pulmonary"
FUT8,"Emphysema, Hereditary Pulmonary"
MMP1,"Emphysema, Hereditary Pulmonary"
FBN1,"Emphysema, Hereditary Pulmonary"
BLOC1S6,"Emphysema, Hereditary Pulmonary"
TLR4,"Emphysema, Hereditary Pulmonary"
KL,"Emphysema, Hereditary Pulmonary"
EPHX1,Emphysema
GSTP1,Emphysema
ELANE,Pulmonary Emphysema
GSTT1,Emphysema
MMP9,Emphysema
HMOX1,Emphysema
CYP2A13,Emphysema
GSTM1,Emphysema
SERPINA1,Emphysema
ARCN1,Pulmonary Emphysema
COPD,Pulmonary Emphysema
MMP1,Pulmonary Emphysema
VEGFA,Pulmonary Emphysema
TNF,Pulmonary Emphysema
ELN,Pulmonary Emphysema
CTSS,Pulmonary Emphysema
IFNG,Pulmonary Emphysema
SERPINE2,Pulmonary Emphysema
BICD1,Pulmonary Emphysema
TGFBR3,Pulmonary Emphysema
CCL5,Pulmonary Emphysema
SERPINA13P,Pulmonary Emphysema
FGFR2,Emphysema
CCL5,Emphysema
MET,Emphysema
IFNG,Emphysema
FGF7,Emphysema
HGF,Emphysema
CYP2E1,Emphysema
CYP1A1,Emphysema
TNF,Emphysema
MPO,Emphysema
MMP1,Emphysema
CYP2A6,Emphysema
SERPINE1,Emphysema
ELN,Emphysema
SERPINE2,Emphysema
ACE,Emphysema
TGFB1,Emphysema
SFTPB,Emphysema
MYOM2,Emphysema
BICD1,Emphysema
COBL,Emphysema
ADARB2,Emphysema
SFTPC,Pulmonary Emphysema
PLF,Pulmonary Emphysema
SFTPD,Pulmonary Emphysema
FEV,Pulmonary Emphysema
SERPINA1,Panacinar emphysema
ADRA1D,Pulmonary Emphysema
FUT8,Pulmonary Emphysema
NFE2L2,Pulmonary Emphysema
SERPINA3,Pulmonary Emphysema
CHRNA3,Pulmonary Emphysema
EGR1,Pulmonary Emphysema
FBN1,Pulmonary Emphysema
GABPA,Pulmonary Emphysema
GSTM1,Pulmonary Emphysema
GSTP1,Pulmonary Emphysema
IL6,Pulmonary Emphysema
KDR,Pulmonary Emphysema
SMAD3,Pulmonary Emphysema
NFKB1,Pulmonary Emphysema
TLR4,Pulmonary Emphysema
KL,Pulmonary Emphysema
SIRT1,Pulmonary Emphysema
CASP3,Pulmonary Emphysema
CFTR,Pulmonary Emphysema
EGF,Pulmonary Emphysema
GSTT1,Pulmonary Emphysema
HGF,Pulmonary Emphysema
IL13,Pulmonary Emphysema
MMP14,Pulmonary Emphysema
PRTN3,Pulmonary Emphysema
CCL2,Pulmonary Emphysema
SLPI,Pulmonary Emphysema
SOS1,Pulmonary Emphysema
TIMP2,Pulmonary Emphysema
HHIP,Pulmonary Emphysema
FLCN,Pulmonary Emphysema
COPD13,Pulmonary Emphysema
SIGLEC14,copd exacerbation
VEGFA,Moderate chronic obstructive pulmonary disease
DUOX1,Moderate chronic obstructive pulmonary disease
ELN,Congenital lobar emphysema
CFTR,Chronic emphysema
A2M,Pulmonary Emphysema
ABCA3,Pulmonary Emphysema
ADRB2,Pulmonary Emphysema
AGER,Pulmonary Emphysema
AMFR,Pulmonary Emphysema
FAS,Pulmonary Emphysema
ATD,Pulmonary Emphysema
ATM,Pulmonary Emphysema
KLF9,Pulmonary Emphysema
SERPING1,Pulmonary Emphysema
CAT,Pulmonary Emphysema
CAV1,Pulmonary Emphysema
CD40,Pulmonary Emphysema
CD74,Pulmonary Emphysema
CDKN1A,Pulmonary Emphysema
CDKN2A,Pulmonary Emphysema
CHI3L1,Pulmonary Emphysema
CX3CR1,Pulmonary Emphysema
MARK2,Pulmonary Emphysema
F2R,Pulmonary Emphysema
FGF7,Pulmonary Emphysema
FOXO3,Pulmonary Emphysema
FOS,Pulmonary Emphysema
FOSB,Pulmonary Emphysema
GPX1,Pulmonary Emphysema
GZMB,Pulmonary Emphysema
H2AFX,Pulmonary Emphysema
SERPIND1,Pulmonary Emphysema
HIF1A,Pulmonary Emphysema
HLA-DRB1,Pulmonary Emphysema
IGFBP3,Pulmonary Emphysema
IKBKB,Pulmonary Emphysema
IL6ST,Pulmonary Emphysema
IL16,Pulmonary Emphysema
INS,Pulmonary Emphysema
ITGA5,Pulmonary Emphysema
ITGAV,Pulmonary Emphysema
ITGAX,Pulmonary Emphysema
JUN,Pulmonary Emphysema
JUNB,Pulmonary Emphysema
JUND,Pulmonary Emphysema
KRT8,Pulmonary Emphysema
LTB,Pulmonary Emphysema
EPCAM,Pulmonary Emphysema
MAF,Pulmonary Emphysema
CD46,Pulmonary Emphysema
MYD88,Pulmonary Emphysema
NM,Pulmonary Emphysema
NOS1,Pulmonary Emphysema
ORC4,Pulmonary Emphysema
SERPINE1,Pulmonary Emphysema
PGF,Pulmonary Emphysema
PLAGL2,Pulmonary Emphysema
PLTP,Pulmonary Emphysema
PPARG,Pulmonary Emphysema
PPP2R4,Pulmonary Emphysema
MAPK3,Pulmonary Emphysema
PTPN1,Pulmonary Emphysema
MOK,Pulmonary Emphysema
RNF5,Pulmonary Emphysema
CX3CL1,Pulmonary Emphysema
SFTPB,Pulmonary Emphysema
SNRPF,Pulmonary Emphysema
SOD3,Pulmonary Emphysema
SOX5,Pulmonary Emphysema
STAT3,Pulmonary Emphysema
TAZ,Pulmonary Emphysema
TERT,Pulmonary Emphysema
TGFA,Pulmonary Emphysema
KLF10,Pulmonary Emphysema
TLR2,Pulmonary Emphysema
VCP,Pulmonary Emphysema
MLLT10,Pulmonary Emphysema
LTBP4,Pulmonary Emphysema
NR1I2,Pulmonary Emphysema
ARHGEF7,Pulmonary Emphysema
NREP,Pulmonary Emphysema
PPT2,Pulmonary Emphysema
KEAP1,Pulmonary Emphysema
LRPPRC,Pulmonary Emphysema
FAM13A,Pulmonary Emphysema
FBLN5,Pulmonary Emphysema
CXCL13,Pulmonary Emphysema
ATP6V0A2,Pulmonary Emphysema
CADM1,Pulmonary Emphysema
IL17RA,Pulmonary Emphysema
WWTR1,Pulmonary Emphysema
HPGDS,Pulmonary Emphysema
DEXI,Pulmonary Emphysema
SMARCAL1,Pulmonary Emphysema
FOXP3,Pulmonary Emphysema
ASCC1,Pulmonary Emphysema
PI15,Pulmonary Emphysema
DDIT4,Pulmonary Emphysema
MAN1C1,Pulmonary Emphysema
SLC52A2,Pulmonary Emphysema
CLPTM1L,Pulmonary Emphysema
CDT1,Pulmonary Emphysema
SESN2,Pulmonary Emphysema
DBA2,Pulmonary Emphysema
RBM45,Pulmonary Emphysema
PWAR1,Pulmonary Emphysema
MIR34C,Pulmonary Emphysema
MIR133B,Pulmonary Emphysema
INS-IGF2,Pulmonary Emphysema
LINC00914,Pulmonary Emphysema
SERPINA1,Obstructive emphysema
PLAGL2,Centriacinar emphysema
SFTPC,Centriacinar emphysema
SET,Emphysema or COPD
ADCY2,Severe chronic obstructive pulmonary disease
FAS,Severe chronic obstructive pulmonary disease
CHIT1,Severe chronic obstructive pulmonary disease
CHRNA3,Severe chronic obstructive pulmonary disease
EPHX1,Severe chronic obstructive pulmonary disease
MSTN,Severe chronic obstructive pulmonary disease
GSTM1,Severe chronic obstructive pulmonary disease
GSTM2,Severe chronic obstructive pulmonary disease
GZMA,Severe chronic obstructive pulmonary disease
IREB2,Severe chronic obstructive pulmonary disease
CD46,Severe chronic obstructive pulmonary disease
MRC1,Severe chronic obstructive pulmonary disease
MSR1,Severe chronic obstructive pulmonary disease
PIGR,Severe chronic obstructive pulmonary disease
CD163,Severe chronic obstructive pulmonary disease
HHIP,Severe chronic obstructive pulmonary disease
IL33,Severe chronic obstructive pulmonary disease
PLF,Severe chronic obstructive pulmonary disease
PIK3CA,Obstructive chronic bronchitis with (acute) exacerbation
PIK3CB,Obstructive chronic bronchitis with (acute) exacerbation
PIK3CD,Obstructive chronic bronchitis with (acute) exacerbation
PIK3CG,Obstructive chronic bronchitis with (acute) exacerbation
ARCN1,"COPD, Severe Early-Onset"
ELN,"COPD, Severe Early-Onset"
FEV,"COPD, Severe Early-Onset"
COPD,"COPD, Severe Early-Onset"
ADRB2,asthma with copd
ACE,asthma with copd
CXCR2,asthma with copd
CXCL11,asthma with copd
IGHV3-62,asthma with copd
